id,CustomerName,,,Food Item,Quantity,Price
1,MaryVegaDDS,a@test.com,dilshanmuditha.online@gmail.com,Pasta,5,16.52
2,BrandonMyers,a@test.com,BrandonMyers2a@test.com,Brownie,4,17.27
3,MargaretWells,a@test.com,MargaretWells3a@test.com,Pasta,1,3.37
4,MichaelMatthews,a@test.com,MichaelMatthews4a@test.com,Pasta,5,2.2
5,ConnorWilliams,a@test.com,ConnorWilliams5a@test.com,Soup,1,12.23
6,MatthewMiles,a@test.com,MatthewMiles6a@test.com,Brownie,5,7.39
7,CatherineThompson,a@test.com,CatherineThompson7a@test.com,Soup,3,8.31
8,NathanHolland,a@test.com,NathanHolland8a@test.com,Soup,4,2.28
9,AnthonySherman,a@test.com,AnthonySherman9a@test.com,Pasta,1,13.05
10,CarolynRoberts,a@test.com,CarolynRoberts10a@test.com,Cake,4,19.48
11,JohnnyDennis,a@test.com,JohnnyDennis11a@test.com,Burger,5,11.79
12,MichaelBarton,a@test.com,MichaelBarton12a@test.com,Cake,1,20.73
13,HeidiBoyle,a@test.com,HeidiBoyle13a@test.com,Ice Cream,5,4.77
14,GeorgeSmith,a@test.com,GeorgeSmith14a@test.com,Fries,3,3.44
15,ThomasFrazier,a@test.com,ThomasFrazier15a@test.com,Pizza,1,4.84
16,DavidBailey,a@test.com,DavidBailey16a@test.com,Cake,5,19.49
17,LarryHarvey,a@test.com,LarryHarvey17a@test.com,Salad,4,21.98
18,ChristinaCochran,a@test.com,ChristinaCochran18a@test.com,Brownie,1,21.83
19,AaronBruce,a@test.com,AaronBruce19a@test.com,Salad,4,4.72
20,AnnaSmith,a@test.com,AnnaSmith20a@test.com,Pasta,3,21.48
21,AndrewHill,a@test.com,AndrewHill21a@test.com,Fries,3,20.78
22,AngelaSherman,a@test.com,AngelaSherman22a@test.com,Burger,2,10.81
23,AustinCain,a@test.com,AustinCain23a@test.com,Burger,5,19.78
24,ScottClark,a@test.com,ScottClark24a@test.com,Burger,2,17.22
25,CindySmith,a@test.com,CindySmith25a@test.com,Fries,3,16.68
26,ElizabethContreras,a@test.com,ElizabethContreras26a@test.com,Fries,3,15.77
27,RobertSimmons,a@test.com,RobertSimmons27a@test.com,Soup,3,24.45
28,AnaBrooks,a@test.com,AnaBrooks28a@test.com,Soup,3,9.86
29,JasonKing,a@test.com,JasonKing29a@test.com,Salad,4,7.64
30,AndrewStephens,a@test.com,AndrewStephens30a@test.com,Soup,3,24.99
31,CarolLynch,a@test.com,CarolLynch31a@test.com,Ice Cream,1,14.82
32,AmyEllis,a@test.com,AmyEllis32a@test.com,Brownie,5,5.97
33,KathleenMiranda,a@test.com,KathleenMiranda33a@test.com,Pizza,3,19.67
34,LynnSmith,a@test.com,LynnSmith34a@test.com,Cake,1,22.1
35,MichelleRodriguez,a@test.com,MichelleRodriguez35a@test.com,Soup,3,14.6
36,EmilyMcmillan,a@test.com,EmilyMcmillan36a@test.com,Salad,5,17.38
37,GavinGriffin,a@test.com,GavinGriffin37a@test.com,Ice Cream,5,10.42
38,JenniferFriedman,a@test.com,JenniferFriedman38a@test.com,Cake,5,17.18
39,BrittanyHughes,a@test.com,BrittanyHughes39a@test.com,Soup,1,14.27
40,MargaretLopez,a@test.com,MargaretLopez40a@test.com,Soup,1,21.58
41,LoriJames,a@test.com,LoriJames41a@test.com,Burger,1,22.48
42,HeatherWheeler,a@test.com,HeatherWheeler42a@test.com,Salad,2,12.43
43,SusanGlenn,a@test.com,SusanGlenn43a@test.com,Cake,4,21.78
44,RichardLee,a@test.com,RichardLee44a@test.com,Pizza,5,6.59
45,JenniferBarron,a@test.com,JenniferBarron45a@test.com,Salad,1,7.31
46,LaurenFreeman,a@test.com,LaurenFreeman46a@test.com,Brownie,5,12.99
47,MatthewPerry,a@test.com,MatthewPerry47a@test.com,Ice Cream,2,4.37
48,WilliamRasmussen,a@test.com,WilliamRasmussen48a@test.com,Ice Cream,5,10.01
49,AnthonyJennings,a@test.com,AnthonyJennings49a@test.com,Fries,3,22.14
50,JamesNixon,a@test.com,JamesNixon50a@test.com,Soup,1,10.32
51,ShannonYoung,a@test.com,ShannonYoung51a@test.com,Salad,1,10.79
52,LoganMaddox,a@test.com,LoganMaddox52a@test.com,Cake,3,5.18
53,ChristinaDonovan,a@test.com,ChristinaDonovan53a@test.com,Salad,5,3.53
54,JessicaBurke,a@test.com,JessicaBurke54a@test.com,Pasta,4,23.55
55,BrandyLewis,a@test.com,BrandyLewis55a@test.com,Cake,4,6.61
56,SheriWhite,a@test.com,SheriWhite56a@test.com,Salad,5,15.44
57,AmandaMcfarland,a@test.com,AmandaMcfarland57a@test.com,Brownie,3,15.07
58,JamesJones,a@test.com,JamesJones58a@test.com,Soup,1,17.38
59,TamaraWinters,a@test.com,TamaraWinters59a@test.com,Fries,1,19.75
60,JasonPhillips,a@test.com,JasonPhillips60a@test.com,Brownie,2,10.24
61,WyattJackson,a@test.com,WyattJackson61a@test.com,Brownie,1,12
62,NicholeLopez,a@test.com,NicholeLopez62a@test.com,Salad,5,14.18
63,EricGarcia,a@test.com,EricGarcia63a@test.com,Ice Cream,3,8.02
64,MorganSimmons,a@test.com,MorganSimmons64a@test.com,Burger,4,9.02
65,JerrySingh,a@test.com,JerrySingh65a@test.com,Brownie,5,12.07
66,KurtWashington,a@test.com,KurtWashington66a@test.com,Cake,4,10.62
67,MaryJohnson,a@test.com,MaryJohnson67a@test.com,Salad,4,13.08
68,CassandraAlexander,a@test.com,CassandraAlexander68a@test.com,Fries,4,7.58
69,BrittanyCraig,a@test.com,BrittanyCraig69a@test.com,Cake,3,5.33
70,PatrickHanna,a@test.com,PatrickHanna70a@test.com,Pasta,2,4.9
71,WendyNichols,a@test.com,WendyNichols71a@test.com,Cake,4,3.79
72,DakotaHughes,a@test.com,DakotaHughes72a@test.com,Ice Cream,1,17.82
73,JustinPowell,a@test.com,JustinPowell73a@test.com,Pizza,2,9.13
74,JillianJackson,a@test.com,JillianJackson74a@test.com,Brownie,3,21.28
75,ShawnCherry,a@test.com,ShawnCherry75a@test.com,Brownie,3,6.18
76,DillonChurch,a@test.com,DillonChurch76a@test.com,Fries,4,6.95
77,ShannonMoralesPhD,a@test.com,ShannonMoralesPhD77a@test.com,Ice Cream,3,19.07
78,ChristopherBailey,a@test.com,ChristopherBailey78a@test.com,Pizza,4,17.14
79,ConnieRoberts,a@test.com,ConnieRoberts79a@test.com,Soup,2,9.87
80,AimeeWhite,a@test.com,AimeeWhite80a@test.com,Salad,4,4.45
81,DanielFisher,a@test.com,DanielFisher81a@test.com,Brownie,4,22.68
82,KristinBennett,a@test.com,KristinBennett82a@test.com,Brownie,4,17.02
83,CatherineJenkins,a@test.com,CatherineJenkins83a@test.com,Pasta,1,5.41
84,MichaelMiller,a@test.com,MichaelMiller84a@test.com,Salad,3,9.52
85,DeniseMurphy,a@test.com,DeniseMurphy85a@test.com,Fries,2,3.8
86,LarrySantiago,a@test.com,LarrySantiago86a@test.com,Burger,4,21.01
87,JamesBarber,a@test.com,JamesBarber87a@test.com,Brownie,1,19.99
88,GregoryBrown,a@test.com,GregoryBrown88a@test.com,Ice Cream,4,19.48
89,BarbaraRay,a@test.com,BarbaraRay89a@test.com,Cake,1,17.86
90,JordanGuzman,a@test.com,JordanGuzman90a@test.com,Salad,1,15.57
91,BruceChambers,a@test.com,BruceChambers91a@test.com,Cake,2,16.45
92,DustinHolt,a@test.com,DustinHolt92a@test.com,Salad,3,3.84
93,ReginaGill,a@test.com,ReginaGill93a@test.com,Ice Cream,3,17.1
94,PatriciaNunez,a@test.com,PatriciaNunez94a@test.com,Brownie,3,18.95
95,ElizabethFarley,a@test.com,ElizabethFarley95a@test.com,Cake,5,20.81
96,AntonioPena,a@test.com,AntonioPena96a@test.com,Pizza,4,15.11
97,LisaMora,a@test.com,LisaMora97a@test.com,Fries,5,9.49
98,JanetSalazar,a@test.com,JanetSalazar98a@test.com,Fries,2,5.93
99,BrandyTerrell,a@test.com,BrandyTerrell99a@test.com,Brownie,3,21.93
100,JasonNewman,a@test.com,JasonNewman100a@test.com,Soup,2,13.38
101,Mrs.SheilaDean,a@test.com,Mrs.SheilaDean101a@test.com,Pasta,4,18.54
102,RicardoNeal,a@test.com,RicardoNeal102a@test.com,Salad,5,5.87
103,KevinGonzalez,a@test.com,KevinGonzalez103a@test.com,Salad,3,8.7
104,RaymondCooper,a@test.com,RaymondCooper104a@test.com,Ice Cream,5,16.81
105,ChristopherKramer,a@test.com,ChristopherKramer105a@test.com,Pasta,3,6.4
106,AntonioNielsen,a@test.com,AntonioNielsen106a@test.com,Pizza,4,8.66
107,AlisonSmith,a@test.com,AlisonSmith107a@test.com,Salad,4,21.35
108,JamieWinters,a@test.com,JamieWinters108a@test.com,Pizza,1,6.17
109,NicoleParrish,a@test.com,NicoleParrish109a@test.com,Pizza,1,23.88
110,DianePerez,a@test.com,DianePerez110a@test.com,Burger,4,4.68
111,MelindaMyers,a@test.com,MelindaMyers111a@test.com,Cake,4,10.8
112,RichardBrown,a@test.com,RichardBrown112a@test.com,Burger,5,10.93
113,EricaMedina,a@test.com,EricaMedina113a@test.com,Cake,4,3.47
114,BrendaContreras,a@test.com,BrendaContreras114a@test.com,Pasta,5,20.07
115,JoeBarton,a@test.com,JoeBarton115a@test.com,Burger,5,2.35
116,WilliamCrane,a@test.com,WilliamCrane116a@test.com,Fries,1,8.88
117,AaronClark,a@test.com,AaronClark117a@test.com,Salad,5,21.85
118,BrandiHouston,a@test.com,BrandiHouston118a@test.com,Burger,3,22.52
119,MonicaRichards,a@test.com,MonicaRichards119a@test.com,Cake,5,19.65
120,DaleSalinas,a@test.com,DaleSalinas120a@test.com,Brownie,5,23.28
121,RandallDecker,a@test.com,RandallDecker121a@test.com,Brownie,1,20.5
122,ZacharyFisher,a@test.com,ZacharyFisher122a@test.com,Brownie,5,7.57
123,CurtisTownsend,a@test.com,CurtisTownsend123a@test.com,Salad,2,5.95
124,JamesMartinez,a@test.com,JamesMartinez124a@test.com,Pizza,2,2.17
125,MarkThomas,a@test.com,MarkThomas125a@test.com,Pizza,5,18.14
126,BobbyHorton,a@test.com,BobbyHorton126a@test.com,Ice Cream,1,14.93
127,MatthewHays,a@test.com,MatthewHays127a@test.com,Ice Cream,1,4.1
128,AmyMclean,a@test.com,AmyMclean128a@test.com,Pasta,1,7.93
129,KristyJames,a@test.com,KristyJames129a@test.com,Fries,3,5.49
130,JonathanTurner,a@test.com,JonathanTurner130a@test.com,Pasta,4,3.07
131,Mrs.MelissaSchmidt,a@test.com,Mrs.MelissaSchmidt131a@test.com,Burger,1,9.28
132,LisaAndrade,a@test.com,LisaAndrade132a@test.com,Salad,2,8.41
133,PhillipLucas,a@test.com,PhillipLucas133a@test.com,Salad,4,13.31
134,NancyShields,a@test.com,NancyShields134a@test.com,Soup,4,21.02
135,PatriciaSmith,a@test.com,PatriciaSmith135a@test.com,Ice Cream,4,19.19
136,WilliamWilliams,a@test.com,WilliamWilliams136a@test.com,Brownie,5,16.54
137,StephanieOrtega,a@test.com,StephanieOrtega137a@test.com,Cake,1,10.69
138,AmandaCervantes,a@test.com,AmandaCervantes138a@test.com,Brownie,1,22.89
139,SaraGarcia,a@test.com,SaraGarcia139a@test.com,Soup,2,12.87
140,AndreaReynolds,a@test.com,AndreaReynolds140a@test.com,Pizza,3,6.65
141,TraceyPerez,a@test.com,TraceyPerez141a@test.com,Soup,1,20
142,LisaJones,a@test.com,LisaJones142a@test.com,Brownie,3,2.16
143,JustinHoward,a@test.com,JustinHoward143a@test.com,Pizza,1,2.46
144,BenjaminStark,a@test.com,BenjaminStark144a@test.com,Brownie,1,5.68
145,JoshuaWalls,a@test.com,JoshuaWalls145a@test.com,Fries,2,10.54
146,JeromeBright,a@test.com,JeromeBright146a@test.com,Brownie,4,14.35
147,VictoriaSims,a@test.com,VictoriaSims147a@test.com,Burger,4,13.99
148,DianaDavis,a@test.com,DianaDavis148a@test.com,Fries,3,4.63
149,AndrewSuarez,a@test.com,AndrewSuarez149a@test.com,Burger,5,4.95
150,MelanieKeller,a@test.com,MelanieKeller150a@test.com,Fries,1,6.07
151,NicoleBarrett,a@test.com,NicoleBarrett151a@test.com,Brownie,5,22.18
152,KimberlyGilbert,a@test.com,KimberlyGilbert152a@test.com,Brownie,5,9.88
153,DianeOlson,a@test.com,DianeOlson153a@test.com,Pizza,3,11.61
154,JessicaJacobs,a@test.com,JessicaJacobs154a@test.com,Pasta,1,17.89
155,DeannaGlover,a@test.com,DeannaGlover155a@test.com,Cake,1,4.57
156,StevenLarson,a@test.com,StevenLarson156a@test.com,Salad,5,8.06
157,MarkWinters,a@test.com,MarkWinters157a@test.com,Soup,4,5.53
158,NathanHarris,a@test.com,NathanHarris158a@test.com,Ice Cream,1,21.76
159,DavidBarrett,a@test.com,DavidBarrett159a@test.com,Brownie,1,24.96
160,BobbyMiles,a@test.com,BobbyMiles160a@test.com,Pizza,5,9.43
161,ThomasHernandez,a@test.com,ThomasHernandez161a@test.com,Pizza,4,16.4
162,ToddBrown,a@test.com,ToddBrown162a@test.com,Cake,2,4.09
163,LauraWheeler,a@test.com,LauraWheeler163a@test.com,Pizza,3,24.52
164,MelissaWolfe,a@test.com,MelissaWolfe164a@test.com,Brownie,3,3.84
165,VictoriaRamirez,a@test.com,VictoriaRamirez165a@test.com,Cake,3,17.26
166,HaileyMassey,a@test.com,HaileyMassey166a@test.com,Brownie,5,20.81
167,CatherineLucero,a@test.com,CatherineLucero167a@test.com,Pizza,3,7.71
168,DanielLee,a@test.com,DanielLee168a@test.com,Burger,4,21.64
169,CarlOlson,a@test.com,CarlOlson169a@test.com,Salad,4,6.1
170,DerekCarlson,a@test.com,DerekCarlson170a@test.com,Fries,2,10.24
171,KennethColeman,a@test.com,KennethColeman171a@test.com,Salad,2,5.34
172,JessicaWilliams,a@test.com,JessicaWilliams172a@test.com,Salad,3,22.49
173,DonDavis,a@test.com,DonDavis173a@test.com,Pizza,5,16.93
174,KellyHuang,a@test.com,KellyHuang174a@test.com,Salad,5,21.15
175,RobertMahoney,a@test.com,RobertMahoney175a@test.com,Cake,1,3.02
176,MelissaDiaz,a@test.com,MelissaDiaz176a@test.com,Soup,3,8.73
177,JasonMorgan,a@test.com,JasonMorgan177a@test.com,Brownie,1,20.54
178,TiffanyGardner,a@test.com,TiffanyGardner178a@test.com,Burger,1,17.97
179,ChristinaCastro,a@test.com,ChristinaCastro179a@test.com,Pasta,2,23.6
180,SherryRogers,a@test.com,SherryRogers180a@test.com,Pizza,2,3.76
181,JonBoyd,a@test.com,JonBoyd181a@test.com,Pizza,5,10.14
182,JefferyMason,a@test.com,JefferyMason182a@test.com,Salad,2,15.56
183,MaryCurtis,a@test.com,MaryCurtis183a@test.com,Cake,5,22.96
184,ElizabethSmith,a@test.com,ElizabethSmith184a@test.com,Pizza,2,2.64
185,JuanLucero,a@test.com,JuanLucero185a@test.com,Fries,5,15.29
186,KarenHester,a@test.com,KarenHester186a@test.com,Soup,4,3.07
187,MichaelSmith,a@test.com,MichaelSmith187a@test.com,Salad,3,3.13
188,DavidHamilton,a@test.com,DavidHamilton188a@test.com,Pasta,3,18.74
189,MatthewCooper,a@test.com,MatthewCooper189a@test.com,Pasta,1,23.91
190,Dr.BrianByrd,a@test.com,Dr.BrianByrd190a@test.com,Soup,2,17.97
191,LisaFranklin,a@test.com,LisaFranklin191a@test.com,Salad,4,22.14
192,LauraArcher,a@test.com,LauraArcher192a@test.com,Pizza,4,18.08
193,JamesBlack,a@test.com,JamesBlack193a@test.com,Pizza,3,7.77
194,JenniferReed,a@test.com,JenniferReed194a@test.com,Fries,2,15.2
195,JosephButler,a@test.com,JosephButler195a@test.com,Pizza,4,11.07
196,CharlesEvans,a@test.com,CharlesEvans196a@test.com,Soup,3,3.33
197,BradleyYoung,a@test.com,BradleyYoung197a@test.com,Brownie,1,4.58
198,BrianWood,a@test.com,BrianWood198a@test.com,Cake,1,4.19
199,PrestonFlynn,a@test.com,PrestonFlynn199a@test.com,Fries,4,17.26
200,RichardGarcia,a@test.com,RichardGarcia200a@test.com,Burger,5,12.3
201,MarkDavis,a@test.com,MarkDavis201a@test.com,Brownie,2,18.78
202,SandraGood,a@test.com,SandraGood202a@test.com,Burger,3,2.42
203,GeorgeMack,a@test.com,GeorgeMack203a@test.com,Brownie,5,9.64
204,DavidPatel,a@test.com,DavidPatel204a@test.com,Burger,2,9.76
205,BillyTapia,a@test.com,BillyTapia205a@test.com,Cake,3,8.03
206,ChristopherChapman,a@test.com,ChristopherChapman206a@test.com,Soup,1,19.13
207,AmyBrown,a@test.com,AmyBrown207a@test.com,Pizza,5,9.58
208,JamesBradley,a@test.com,JamesBradley208a@test.com,Fries,1,19.41
209,TeresaRollins,a@test.com,TeresaRollins209a@test.com,Ice Cream,5,19.48
210,FernandoBurke,a@test.com,FernandoBurke210a@test.com,Fries,5,7.5
211,ElizabethBlakeMD,a@test.com,ElizabethBlakeMD211a@test.com,Pizza,5,5.38
212,DianaHouse,a@test.com,DianaHouse212a@test.com,Cake,3,5.09
213,JulieJohnson,a@test.com,JulieJohnson213a@test.com,Fries,1,19.11
214,MoniqueGonzalez,a@test.com,MoniqueGonzalez214a@test.com,Burger,1,20.63
215,DanielGomez,a@test.com,DanielGomez215a@test.com,Ice Cream,4,21.39
216,KevinMeyer,a@test.com,KevinMeyer216a@test.com,Cake,3,2.26
217,ShawnGonzalez,a@test.com,ShawnGonzalez217a@test.com,Pasta,4,18.54
218,TiffanyScott,a@test.com,TiffanyScott218a@test.com,Pasta,4,23.84
219,DouglasBryant,a@test.com,DouglasBryant219a@test.com,Burger,3,16.3
220,MichaelValentine,a@test.com,MichaelValentine220a@test.com,Ice Cream,4,7.15
221,ElizabethStanley,a@test.com,ElizabethStanley221a@test.com,Cake,1,11.95
222,NicoleCollins,a@test.com,NicoleCollins222a@test.com,Pizza,3,20.29
223,JeffreyRoberts,a@test.com,JeffreyRoberts223a@test.com,Pizza,1,12.15
224,ChristopherRodriguez,a@test.com,ChristopherRodriguez224a@test.com,Ice Cream,1,13.78
225,AlexanderNielsen,a@test.com,AlexanderNielsen225a@test.com,Burger,2,9.17
226,LuisWelch,a@test.com,LuisWelch226a@test.com,Brownie,5,9.32
227,StevenGardner,a@test.com,StevenGardner227a@test.com,Cake,3,6.01
228,MelissaGarcia,a@test.com,MelissaGarcia228a@test.com,Burger,3,11.5
229,MargaretBurch,a@test.com,MargaretBurch229a@test.com,Fries,2,22.82
230,PatriciaJohnson,a@test.com,PatriciaJohnson230a@test.com,Burger,3,14.93
231,Dr.RebekahDavenport,a@test.com,Dr.RebekahDavenport231a@test.com,Ice Cream,3,23.47
232,FranciscoRamos,a@test.com,FranciscoRamos232a@test.com,Pizza,4,14.73
233,AnthonyGriffin,a@test.com,AnthonyGriffin233a@test.com,Pasta,3,6.38
234,MelissaBallard,a@test.com,MelissaBallard234a@test.com,Ice Cream,2,6.19
235,Mr.DouglasJamesMD,a@test.com,Mr.DouglasJamesMD235a@test.com,Pasta,4,7.76
236,MarkCampbell,a@test.com,MarkCampbell236a@test.com,Salad,4,17.71
237,BrianBrown,a@test.com,BrianBrown237a@test.com,Pasta,5,16.28
238,EricaSutton,a@test.com,EricaSutton238a@test.com,Fries,3,17.61
239,AlyssaPhillips,a@test.com,AlyssaPhillips239a@test.com,Salad,1,12.71
240,CrystalLandry,a@test.com,CrystalLandry240a@test.com,Fries,3,8.6
241,JanetClark,a@test.com,JanetClark241a@test.com,Soup,5,2.51
242,JeffreyOrtiz,a@test.com,JeffreyOrtiz242a@test.com,Brownie,5,12.33
243,YvonneDavis,a@test.com,YvonneDavis243a@test.com,Soup,5,22.33
244,ElizabethClark,a@test.com,ElizabethClark244a@test.com,Cake,2,18.29
245,JamesBrown,a@test.com,JamesBrown245a@test.com,Fries,3,8.73
246,WilliamBlevins,a@test.com,WilliamBlevins246a@test.com,Fries,1,8.92
247,JamesChase,a@test.com,JamesChase247a@test.com,Burger,5,22.71
248,TimothyThomas,a@test.com,TimothyThomas248a@test.com,Cake,5,6.64
249,DeniseOrtega,a@test.com,DeniseOrtega249a@test.com,Ice Cream,5,7.76
250,JamiePhillips,a@test.com,JamiePhillips250a@test.com,Fries,5,12.02
251,RyanZavala,a@test.com,RyanZavala251a@test.com,Pizza,5,8.54
252,CoreyRoberts,a@test.com,CoreyRoberts252a@test.com,Salad,1,20.33
253,JulieHale,a@test.com,JulieHale253a@test.com,Ice Cream,5,3.44
254,JeanetteHayes,a@test.com,JeanetteHayes254a@test.com,Ice Cream,3,24.52
255,JonathanSmith,a@test.com,JonathanSmith255a@test.com,Soup,4,16.89
256,AshleySwanson,a@test.com,AshleySwanson256a@test.com,Burger,5,19.01
257,RonaldFloyd,a@test.com,RonaldFloyd257a@test.com,Pizza,4,4.07
258,Mrs.AmberHansen,a@test.com,Mrs.AmberHansen258a@test.com,Cake,3,18.92
259,ChristopherRuiz,a@test.com,ChristopherRuiz259a@test.com,Salad,1,15.78
260,TeresaGarcia,a@test.com,TeresaGarcia260a@test.com,Pizza,2,7.16
261,KimberlyTyler,a@test.com,KimberlyTyler261a@test.com,Fries,4,2.81
262,MalikRodriguez,a@test.com,MalikRodriguez262a@test.com,Brownie,3,12.74
263,JohnGarcia,a@test.com,JohnGarcia263a@test.com,Cake,4,16.17
264,DanielJennings,a@test.com,DanielJennings264a@test.com,Fries,3,20.32
265,CrystalCollier,a@test.com,CrystalCollier265a@test.com,Salad,1,6.23
266,PaulCook,a@test.com,PaulCook266a@test.com,Burger,5,6.91
267,RobertJames,a@test.com,RobertJames267a@test.com,Burger,2,18.83
268,MartinEstrada,a@test.com,MartinEstrada268a@test.com,Brownie,1,8.92
269,CarmenGonzalez,a@test.com,CarmenGonzalez269a@test.com,Salad,1,20.57
270,DeborahMorris,a@test.com,DeborahMorris270a@test.com,Fries,5,5.92
271,KimberlyBarnett,a@test.com,KimberlyBarnett271a@test.com,Pasta,5,20.85
272,DianaFry,a@test.com,DianaFry272a@test.com,Pizza,2,24.7
273,JonathanJones,a@test.com,JonathanJones273a@test.com,Soup,4,11.67
274,ShaneGallegosMD,a@test.com,ShaneGallegosMD274a@test.com,Burger,4,8.19
275,AmandaJones,a@test.com,AmandaJones275a@test.com,Pizza,5,11.26
276,ChristopherRodriguez,a@test.com,ChristopherRodriguez276a@test.com,Salad,2,2.08
277,AmandaKeller,a@test.com,AmandaKeller277a@test.com,Brownie,2,8.43
278,AutumnRobinson,a@test.com,AutumnRobinson278a@test.com,Cake,1,20.93
279,AshleyHull,a@test.com,AshleyHull279a@test.com,Pizza,4,23.01
280,JoseKane,a@test.com,JoseKane280a@test.com,Fries,4,3.6
281,LuisMccullough,a@test.com,LuisMccullough281a@test.com,Ice Cream,3,11.34
282,DerekDelgado,a@test.com,DerekDelgado282a@test.com,Fries,4,16.74
283,ShannonMueller,a@test.com,ShannonMueller283a@test.com,Pizza,2,22.99
284,StephenCampbell,a@test.com,StephenCampbell284a@test.com,Burger,1,18.24
285,AnthonyWilson,a@test.com,AnthonyWilson285a@test.com,Fries,3,15.93
286,KatelynBrown,a@test.com,KatelynBrown286a@test.com,Burger,5,5.63
287,AlexanderWallace,a@test.com,AlexanderWallace287a@test.com,Pasta,3,20.01
288,SarahPonce,a@test.com,SarahPonce288a@test.com,Pizza,4,22.44
289,DavidGutierrez,a@test.com,DavidGutierrez289a@test.com,Ice Cream,5,3.97
290,AshleyDavis,a@test.com,AshleyDavis290a@test.com,Pasta,5,24.02
291,RickyJacobs,a@test.com,RickyJacobs291a@test.com,Pizza,5,17
292,Mrs.KristiMyers,a@test.com,Mrs.KristiMyers292a@test.com,Pasta,2,21.07
293,AnthonyWells,a@test.com,AnthonyWells293a@test.com,Pizza,1,3.89
294,RichardRodriguez,a@test.com,RichardRodriguez294a@test.com,Ice Cream,2,8.57
295,JohnMckinney,a@test.com,JohnMckinney295a@test.com,Ice Cream,4,14.17
296,TimothyMiller,a@test.com,TimothyMiller296a@test.com,Fries,5,21.43
297,GeraldWatson,a@test.com,GeraldWatson297a@test.com,Soup,5,14.74
298,MauriceLyons,a@test.com,MauriceLyons298a@test.com,Pasta,4,2.69
299,TracyBryant,a@test.com,TracyBryant299a@test.com,Fries,1,6.67
300,TabithaBernard,a@test.com,TabithaBernard300a@test.com,Pasta,2,14.85
301,JeanMorris,a@test.com,JeanMorris301a@test.com,Ice Cream,2,3.79
302,AdamKlein,a@test.com,AdamKlein302a@test.com,Pizza,5,13.3
303,MatthewLara,a@test.com,MatthewLara303a@test.com,Burger,4,14.15
304,ChristopherNoble,a@test.com,ChristopherNoble304a@test.com,Brownie,2,4.1
305,JeanetteRamirez,a@test.com,JeanetteRamirez305a@test.com,Soup,2,16.98
306,ScottPetty,a@test.com,ScottPetty306a@test.com,Brownie,1,23.87
307,JamesThomas,a@test.com,JamesThomas307a@test.com,Burger,3,3.26
308,AliciaClark,a@test.com,AliciaClark308a@test.com,Soup,5,10.83
309,DeborahGreen,a@test.com,DeborahGreen309a@test.com,Pizza,5,4.09
310,MelissaCurry,a@test.com,MelissaCurry310a@test.com,Brownie,1,11.66
311,DanielleCarey,a@test.com,DanielleCarey311a@test.com,Soup,2,6.12
312,JaimeCook,a@test.com,JaimeCook312a@test.com,Salad,5,6.99
313,CalebLittle,a@test.com,CalebLittle313a@test.com,Cake,5,16.07
314,MelindaLevine,a@test.com,MelindaLevine314a@test.com,Fries,5,9
315,AndrewReilly,a@test.com,AndrewReilly315a@test.com,Soup,3,19.13
316,JeffreyHernandez,a@test.com,JeffreyHernandez316a@test.com,Salad,1,13.44
317,JonathanLynch,a@test.com,JonathanLynch317a@test.com,Cake,1,5.14
318,AshleyDominguez,a@test.com,AshleyDominguez318a@test.com,Fries,3,24.74
319,MichelleHarris,a@test.com,MichelleHarris319a@test.com,Burger,5,20.75
320,JohnFisher,a@test.com,JohnFisher320a@test.com,Pizza,3,19.29
321,PatrickGibson,a@test.com,PatrickGibson321a@test.com,Pasta,4,16.48
322,JeremyJohnson,a@test.com,JeremyJohnson322a@test.com,Pasta,2,13.69
323,AlexisWilliams,a@test.com,AlexisWilliams323a@test.com,Cake,1,17.95
324,VeronicaPitts,a@test.com,VeronicaPitts324a@test.com,Brownie,1,16.84
325,WesleyWalters,a@test.com,WesleyWalters325a@test.com,Pasta,3,4.5
326,MarkSantiago,a@test.com,MarkSantiago326a@test.com,Soup,4,20.47
327,JasonRocha,a@test.com,JasonRocha327a@test.com,Pizza,3,17.18
328,JasmineSharp,a@test.com,JasmineSharp328a@test.com,Fries,3,16.38
329,AllisonLynch,a@test.com,AllisonLynch329a@test.com,Burger,4,4.46
330,StacyWagner,a@test.com,StacyWagner330a@test.com,Fries,1,18.78
331,ElaineWong,a@test.com,ElaineWong331a@test.com,Cake,2,23.5
332,JasonHill,a@test.com,JasonHill332a@test.com,Soup,5,17.04
333,RobertGlover,a@test.com,RobertGlover333a@test.com,Brownie,5,6.02
334,MarisaChang,a@test.com,MarisaChang334a@test.com,Fries,1,16.38
335,CharlesJohnson,a@test.com,CharlesJohnson335a@test.com,Pizza,1,5.37
336,GuyGay,a@test.com,GuyGay336a@test.com,Burger,4,21.44
337,KarenCain,a@test.com,KarenCain337a@test.com,Pizza,1,16.31
338,AshleyPoole,a@test.com,AshleyPoole338a@test.com,Ice Cream,1,4.6
339,WandaGould,a@test.com,WandaGould339a@test.com,Pasta,3,12.29
340,BaileyPearson,a@test.com,BaileyPearson340a@test.com,Salad,1,13.11
341,DavidRodriguez,a@test.com,DavidRodriguez341a@test.com,Cake,5,22.63
342,AshleyWilson,a@test.com,AshleyWilson342a@test.com,Cake,5,12.26
343,ChristopherRomero,a@test.com,ChristopherRomero343a@test.com,Burger,3,11.86
344,DeniseThompson,a@test.com,DeniseThompson344a@test.com,Salad,1,9.02
345,BillyWade,a@test.com,BillyWade345a@test.com,Ice Cream,1,9.7
346,JasonMartin,a@test.com,JasonMartin346a@test.com,Soup,4,8.76
347,PatriciaJenkins,a@test.com,PatriciaJenkins347a@test.com,Ice Cream,1,10.11
348,VeronicaBray,a@test.com,VeronicaBray348a@test.com,Fries,3,7.91
349,EmilyJackson,a@test.com,EmilyJackson349a@test.com,Ice Cream,4,13.71
350,JulieTucker,a@test.com,JulieTucker350a@test.com,Ice Cream,1,16.94
351,ChristopherDunlap,a@test.com,ChristopherDunlap351a@test.com,Soup,5,24.88
352,MicheleBall,a@test.com,MicheleBall352a@test.com,Brownie,1,13.91
353,CourtneyPatterson,a@test.com,CourtneyPatterson353a@test.com,Soup,1,18.17
354,ChristinaGarcia,a@test.com,ChristinaGarcia354a@test.com,Ice Cream,4,2.51
355,TimothyHarris,a@test.com,TimothyHarris355a@test.com,Pasta,1,13.86
356,AmberGomez,a@test.com,AmberGomez356a@test.com,Brownie,2,2.62
357,MatthewRogers,a@test.com,MatthewRogers357a@test.com,Pizza,1,16.55
358,Dr.JamesGarza,a@test.com,Dr.JamesGarza358a@test.com,Burger,4,22.68
359,MonicaHill,a@test.com,MonicaHill359a@test.com,Fries,3,9.42
360,SaraGraham,a@test.com,SaraGraham360a@test.com,Pasta,5,24.87
361,AmyBrowning,a@test.com,AmyBrowning361a@test.com,Pasta,3,15.26
362,DanielFowler,a@test.com,DanielFowler362a@test.com,Salad,1,9.07
363,GeoffreyJenkins,a@test.com,GeoffreyJenkins363a@test.com,Pasta,5,11.9
364,TamaraWu,a@test.com,TamaraWu364a@test.com,Soup,5,12.25
365,FrankPena,a@test.com,FrankPena365a@test.com,Pasta,4,3.5
366,JulieWatsonDVM,a@test.com,JulieWatsonDVM366a@test.com,Ice Cream,2,18.21
367,JasmineHarvey,a@test.com,JasmineHarvey367a@test.com,Brownie,1,7.33
368,CaseyJones,a@test.com,CaseyJones368a@test.com,Cake,2,8.52
369,CarlosDowns,a@test.com,CarlosDowns369a@test.com,Pasta,4,24.36
370,MichaelSmith,a@test.com,MichaelSmith370a@test.com,Brownie,4,9.4
371,CurtisBrown,a@test.com,CurtisBrown371a@test.com,Fries,2,6.3
372,AmandaWaters,a@test.com,AmandaWaters372a@test.com,Salad,2,18.47
373,WilliamCollins,a@test.com,WilliamCollins373a@test.com,Ice Cream,1,13.62
374,WesleyJimenez,a@test.com,WesleyJimenez374a@test.com,Fries,5,9.07
375,KarenSullivan,a@test.com,KarenSullivan375a@test.com,Salad,5,6.46
376,DanielFlores,a@test.com,DanielFlores376a@test.com,Burger,1,8.13
377,KristyNash,a@test.com,KristyNash377a@test.com,Pizza,3,14.58
378,LisaWalters,a@test.com,LisaWalters378a@test.com,Brownie,2,9.81
379,KennethMiranda,a@test.com,KennethMiranda379a@test.com,Burger,1,7.43
380,MarkSmith,a@test.com,MarkSmith380a@test.com,Cake,4,16.02
381,MikeBlackwell,a@test.com,MikeBlackwell381a@test.com,Pizza,1,19.62
382,LarryPerryMD,a@test.com,LarryPerryMD382a@test.com,Pizza,2,5.31
383,DianeMyers,a@test.com,DianeMyers383a@test.com,Burger,4,3.18
384,DeborahSalazar,a@test.com,DeborahSalazar384a@test.com,Fries,4,12.8
385,JosephBarnes,a@test.com,JosephBarnes385a@test.com,Ice Cream,3,4.05
386,BrandonKing,a@test.com,BrandonKing386a@test.com,Salad,1,6.8
387,VickiTaylor,a@test.com,VickiTaylor387a@test.com,Ice Cream,2,3.8
388,ChristinaAdams,a@test.com,ChristinaAdams388a@test.com,Pasta,5,18.18
389,BrianSmith,a@test.com,BrianSmith389a@test.com,Brownie,1,21.71
390,CoreyRodriguez,a@test.com,CoreyRodriguez390a@test.com,Salad,2,22.45
391,ChristopherScott,a@test.com,ChristopherScott391a@test.com,Soup,5,13.95
392,SusanCarter,a@test.com,SusanCarter392a@test.com,Pasta,1,16.06
393,RichardRoberts,a@test.com,RichardRoberts393a@test.com,Burger,2,12.61
394,KimberlyCarter,a@test.com,KimberlyCarter394a@test.com,Salad,5,23.15
395,ThomasBurch,a@test.com,ThomasBurch395a@test.com,Ice Cream,1,11.52
396,SarahBaker,a@test.com,SarahBaker396a@test.com,Fries,5,17.43
397,WesleyLe,a@test.com,WesleyLe397a@test.com,Cake,3,24.03
398,MichaelRobinson,a@test.com,MichaelRobinson398a@test.com,Pasta,2,7.19
399,JenniferPearson,a@test.com,JenniferPearson399a@test.com,Salad,3,11.61
400,LauraValdez,a@test.com,LauraValdez400a@test.com,Burger,3,4.78
401,ChristinaJohnson,a@test.com,ChristinaJohnson401a@test.com,Pasta,5,10.46
402,EricNguyen,a@test.com,EricNguyen402a@test.com,Pizza,4,22.41
403,WilliamCross,a@test.com,WilliamCross403a@test.com,Salad,4,22.46
404,MelissaDuncan,a@test.com,MelissaDuncan404a@test.com,Fries,2,22.97
405,DavidRobinson,a@test.com,DavidRobinson405a@test.com,Cake,4,22.78
406,JaneGuzman,a@test.com,JaneGuzman406a@test.com,Salad,1,15.84
407,LisaGregory,a@test.com,LisaGregory407a@test.com,Fries,2,24.51
408,MarkRandolph,a@test.com,MarkRandolph408a@test.com,Cake,5,10.53
409,JadeGilbert,a@test.com,JadeGilbert409a@test.com,Burger,4,19.86
410,BrianHernandez,a@test.com,BrianHernandez410a@test.com,Brownie,3,13.97
411,GregoryStephens,a@test.com,GregoryStephens411a@test.com,Brownie,1,17.35
412,MarvinBonilla,a@test.com,MarvinBonilla412a@test.com,Pasta,5,14.17
413,LindaDean,a@test.com,LindaDean413a@test.com,Pizza,1,6.27
414,CaseyGonzalez,a@test.com,CaseyGonzalez414a@test.com,Brownie,4,12.91
415,NicholasCarter,a@test.com,NicholasCarter415a@test.com,Cake,3,14.89
416,KennethFerguson,a@test.com,KennethFerguson416a@test.com,Pizza,1,20.26
417,MichaelGordon,a@test.com,MichaelGordon417a@test.com,Salad,2,15.5
418,JoseMacias,a@test.com,JoseMacias418a@test.com,Burger,2,22.54
419,DavidEllis,a@test.com,DavidEllis419a@test.com,Fries,5,20.81
420,HeatherCollins,a@test.com,HeatherCollins420a@test.com,Ice Cream,2,8.85
421,HannahBrown,a@test.com,HannahBrown421a@test.com,Soup,5,5.12
422,DerekCooper,a@test.com,DerekCooper422a@test.com,Cake,1,2.51
423,RobertoFarrell,a@test.com,RobertoFarrell423a@test.com,Cake,3,7.48
424,ValerieJones,a@test.com,ValerieJones424a@test.com,Fries,4,18.67
425,DennisTurner,a@test.com,DennisTurner425a@test.com,Brownie,4,23.76
426,ElizabethJones,a@test.com,ElizabethJones426a@test.com,Pizza,5,8.86
427,JenniferSnyder,a@test.com,JenniferSnyder427a@test.com,Fries,4,21.58
428,ChristopherFrederick,a@test.com,ChristopherFrederick428a@test.com,Cake,5,4.4
429,ChristopherAli,a@test.com,ChristopherAli429a@test.com,Cake,2,19.52
430,PaulWrightMD,a@test.com,PaulWrightMD430a@test.com,Pizza,1,10.08
431,JonathanTurner,a@test.com,JonathanTurner431a@test.com,Burger,4,19.73
432,JosephKelley,a@test.com,JosephKelley432a@test.com,Brownie,4,13.24
433,JaniceSanchez,a@test.com,JaniceSanchez433a@test.com,Soup,5,2.44
434,JamesMoran,a@test.com,JamesMoran434a@test.com,Ice Cream,4,10
435,LaurenMendez,a@test.com,LaurenMendez435a@test.com,Pizza,1,22.59
436,JeanMiller,a@test.com,JeanMiller436a@test.com,Ice Cream,5,9.69
437,DarrellWolfe,a@test.com,DarrellWolfe437a@test.com,Fries,2,21.63
438,CarolynWright,a@test.com,CarolynWright438a@test.com,Soup,5,23.02
439,EvanHoward,a@test.com,EvanHoward439a@test.com,Pizza,4,3.61
440,NormaAvila,a@test.com,NormaAvila440a@test.com,Pasta,4,20.7
441,AnthonyRobinson,a@test.com,AnthonyRobinson441a@test.com,Brownie,5,3.58
442,JamesRose,a@test.com,JamesRose442a@test.com,Pizza,1,5.11
443,CourtneyDixon,a@test.com,CourtneyDixon443a@test.com,Cake,5,13.65
444,MeganPeterson,a@test.com,MeganPeterson444a@test.com,Pizza,4,18.38
445,JessicaRichmond,a@test.com,JessicaRichmond445a@test.com,Pizza,4,17.87
446,JenniferHunter,a@test.com,JenniferHunter446a@test.com,Fries,3,17.36
447,MichaelWoodward,a@test.com,MichaelWoodward447a@test.com,Ice Cream,3,14.01
448,KevinWalker,a@test.com,KevinWalker448a@test.com,Fries,2,18.8
449,HeatherRussell,a@test.com,HeatherRussell449a@test.com,Brownie,4,15.75
450,JenniferSantos,a@test.com,JenniferSantos450a@test.com,Soup,1,6.65
451,LucasSantiago,a@test.com,LucasSantiago451a@test.com,Brownie,4,24.79
452,GregoryHicksMD,a@test.com,GregoryHicksMD452a@test.com,Pizza,2,3.25
453,AnthonyArmstrong,a@test.com,AnthonyArmstrong453a@test.com,Fries,4,6.04
454,PamelaMoore,a@test.com,PamelaMoore454a@test.com,Salad,3,22.03
455,GaryPhillips,a@test.com,GaryPhillips455a@test.com,Pasta,2,17.57
456,JenniferWilliams,a@test.com,JenniferWilliams456a@test.com,Pizza,3,23.69
457,TroyRoberts,a@test.com,TroyRoberts457a@test.com,Pasta,2,7.19
458,ThomasPineda,a@test.com,ThomasPineda458a@test.com,Cake,5,19.21
459,RobertCampbell,a@test.com,RobertCampbell459a@test.com,Salad,1,21.57
460,MoniqueCamacho,a@test.com,MoniqueCamacho460a@test.com,Fries,2,4.4
461,EthanCombs,a@test.com,EthanCombs461a@test.com,Ice Cream,4,16.21
462,PatrickHammond,a@test.com,PatrickHammond462a@test.com,Ice Cream,4,12.85
463,ThomasAguirre,a@test.com,ThomasAguirre463a@test.com,Salad,4,17.29
464,LarryHiggins,a@test.com,LarryHiggins464a@test.com,Pizza,3,9.64
465,DonaldScott,a@test.com,DonaldScott465a@test.com,Soup,1,12.99
466,JenniferMoreno,a@test.com,JenniferMoreno466a@test.com,Brownie,2,20.3
467,HeatherPeterson,a@test.com,HeatherPeterson467a@test.com,Burger,5,14.54
468,MichaelRoberts,a@test.com,MichaelRoberts468a@test.com,Fries,1,16.32
469,MichaelSkinner,a@test.com,MichaelSkinner469a@test.com,Brownie,4,19.7
470,DerekYoung,a@test.com,DerekYoung470a@test.com,Cake,2,8.64
471,JeanetteFlynn,a@test.com,JeanetteFlynn471a@test.com,Pizza,1,13.85
472,SuzanneGraham,a@test.com,SuzanneGraham472a@test.com,Soup,2,24.01
473,BrittanyWatson,a@test.com,BrittanyWatson473a@test.com,Soup,1,24.64
474,CodyGonzalez,a@test.com,CodyGonzalez474a@test.com,Brownie,5,2.81
475,ShaneGarcia,a@test.com,ShaneGarcia475a@test.com,Pizza,3,21.3
476,MiguelMendoza,a@test.com,MiguelMendoza476a@test.com,Ice Cream,2,4.24
477,TimothyReeves,a@test.com,TimothyReeves477a@test.com,Ice Cream,1,12.57
478,AmandaMahoney,a@test.com,AmandaMahoney478a@test.com,Burger,4,9.64
479,JohnSutton,a@test.com,JohnSutton479a@test.com,Burger,2,6.44
480,EricMoss,a@test.com,EricMoss480a@test.com,Brownie,5,7.94
481,DebbieCastillo,a@test.com,DebbieCastillo481a@test.com,Salad,2,15.76
482,KellyCurry,a@test.com,KellyCurry482a@test.com,Ice Cream,4,2.06
483,ElizabethHunter,a@test.com,ElizabethHunter483a@test.com,Soup,1,4.58
484,ElizabethFrazier,a@test.com,ElizabethFrazier484a@test.com,Soup,1,16.58
485,EricaBrowning,a@test.com,EricaBrowning485a@test.com,Burger,5,2.15
486,JamesMorgan,a@test.com,JamesMorgan486a@test.com,Pasta,5,12.83
487,MargaretMcdowell,a@test.com,MargaretMcdowell487a@test.com,Ice Cream,2,13.64
488,StevenMelendez,a@test.com,StevenMelendez488a@test.com,Fries,4,15.55
489,DianeGarza,a@test.com,DianeGarza489a@test.com,Pizza,4,21.66
490,JasonRussell,a@test.com,JasonRussell490a@test.com,Burger,1,5.86
491,CatherineMartinez,a@test.com,CatherineMartinez491a@test.com,Brownie,4,20.26
492,ThomasHuynh,a@test.com,ThomasHuynh492a@test.com,Ice Cream,2,2.27
493,SusanBrowning,a@test.com,SusanBrowning493a@test.com,Pizza,1,8.5
494,JamesButler,a@test.com,JamesButler494a@test.com,Soup,4,13.64
495,JosephHamilton,a@test.com,JosephHamilton495a@test.com,Brownie,1,2.59
496,AlyssaAnthony,a@test.com,AlyssaAnthony496a@test.com,Pizza,1,21.31
497,JerryPineda,a@test.com,JerryPineda497a@test.com,Soup,3,15.99
498,BrandySmith,a@test.com,BrandySmith498a@test.com,Pasta,2,8.54
499,IvanHaynes,a@test.com,IvanHaynes499a@test.com,Soup,5,20.54
500,AmberMendez,a@test.com,AmberMendez500a@test.com,Ice Cream,2,18.86